hari_ke,tanggal_lengkap,cabe_rawit_merah,lag_1,lag_3,lag_7,ma_7
8,2023-01-08,85000.0,85000.0,85000.0,80000.0,83285.71428571429
9,2023-01-09,85000.0,85000.0,85000.0,80000.0,84000.0
10,2023-01-10,85000.0,85000.0,85000.0,80000.0,84714.28571428571
11,2023-01-11,85000.0,85000.0,85000.0,83000.0,85000.0
12,2023-01-12,85000.0,85000.0,85000.0,85000.0,85000.0
13,2023-01-13,88000.0,85000.0,85000.0,85000.0,85428.57142857143
14,2023-01-14,88000.0,88000.0,85000.0,85000.0,85857.14285714286
15,2023-01-15,75000.0,88000.0,85000.0,85000.0,84428.57142857143
16,2023-01-16,75000.0,75000.0,88000.0,85000.0,83000.0
17,2023-01-17,75000.0,75000.0,88000.0,85000.0,81571.42857142857
18,2023-01-18,75000.0,75000.0,75000.0,85000.0,80142.85714285714
19,2023-01-19,75000.0,75000.0,75000.0,85000.0,78714.28571428571
20,2023-01-20,73000.0,75000.0,75000.0,88000.0,76571.42857142857
21,2023-01-21,73000.0,73000.0,75000.0,88000.0,74428.57142857143
22,2023-01-22,70000.0,73000.0,75000.0,75000.0,73714.28571428571
23,2023-01-23,70000.0,70000.0,73000.0,75000.0,73000.0
24,2023-01-24,70000.0,70000.0,73000.0,75000.0,72285.71428571429
25,2023-01-25,70000.0,70000.0,70000.0,75000.0,71571.42857142857
26,2023-01-26,70000.0,70000.0,70000.0,75000.0,70857.14285714286
27,2023-01-27,70000.0,70000.0,70000.0,73000.0,70428.57142857143
28,2023-01-28,70000.0,70000.0,70000.0,73000.0,70000.0
29,2023-01-29,70000.0,70000.0,70000.0,70000.0,70000.0
30,2023-01-30,75000.0,70000.0,70000.0,70000.0,70714.28571428571
31,2023-01-31,70000.0,75000.0,70000.0,70000.0,70714.28571428571
32,2023-02-01,50000.0,70000.0,70000.0,70000.0,67857.14285714286
33,2023-02-02,50000.0,50000.0,75000.0,70000.0,65000.0
34,2023-02-03,45000.0,50000.0,70000.0,70000.0,61428.57142857143
35,2023-02-04,45000.0,45000.0,50000.0,70000.0,57857.142857142855
36,2023-02-05,45000.0,45000.0,50000.0,70000.0,54285.71428571428
37,2023-02-06,55000.0,45000.0,45000.0,75000.0,51428.57142857143
38,2023-02-07,56000.0,55000.0,45000.0,70000.0,49428.57142857143
39,2023-02-08,50000.0,56000.0,45000.0,50000.0,49428.57142857143
40,2023-02-09,50000.0,50000.0,55000.0,50000.0,49428.57142857143
41,2023-02-10,50000.0,50000.0,56000.0,45000.0,50142.857142857145
42,2023-02-11,50000.0,50000.0,50000.0,45000.0,50857.142857142855
43,2023-02-12,50000.0,50000.0,50000.0,45000.0,51571.42857142857
44,2023-02-13,60000.0,50000.0,50000.0,55000.0,52285.71428571428
45,2023-02-14,56000.0,60000.0,50000.0,56000.0,52285.71428571428
46,2023-02-15,56000.0,56000.0,50000.0,50000.0,53142.857142857145
47,2023-02-16,56000.0,56000.0,60000.0,50000.0,54000.0
48,2023-02-17,56000.0,56000.0,56000.0,50000.0,54857.142857142855
49,2023-02-18,56000.0,56000.0,56000.0,50000.0,55714.28571428572
50,2023-02-19,56000.0,56000.0,56000.0,50000.0,56571.42857142857
51,2023-02-20,56000.0,56000.0,56000.0,60000.0,56000.0
52,2023-02-21,56000.0,56000.0,56000.0,56000.0,56000.0
53,2023-02-22,57000.0,56000.0,56000.0,56000.0,56142.857142857145
54,2023-02-23,62000.0,57000.0,56000.0,56000.0,57000.0
55,2023-02-24,62000.0,62000.0,56000.0,56000.0,57857.142857142855
56,2023-02-25,62000.0,62000.0,57000.0,56000.0,58714.28571428572
57,2023-02-26,55000.0,62000.0,62000.0,56000.0,58571.42857142857
58,2023-02-27,55000.0,55000.0,62000.0,56000.0,58428.57142857143
59,2023-02-28,55000.0,55000.0,62000.0,56000.0,58285.71428571428
60,2023-03-01,55000.0,55000.0,55000.0,57000.0,58000.0
61,2023-03-02,55000.0,55000.0,55000.0,62000.0,57000.0
62,2023-03-03,70000.0,55000.0,55000.0,62000.0,58142.857142857145
63,2023-03-04,70000.0,70000.0,55000.0,62000.0,59285.71428571428
64,2023-03-05,70000.0,70000.0,55000.0,55000.0,61428.57142857143
65,2023-03-06,70000.0,70000.0,70000.0,55000.0,63571.42857142857
66,2023-03-07,70000.0,70000.0,70000.0,55000.0,65714.28571428571
67,2023-03-08,70000.0,70000.0,70000.0,55000.0,67857.14285714286
68,2023-03-09,70000.0,70000.0,70000.0,55000.0,70000.0
69,2023-03-10,70000.0,70000.0,70000.0,70000.0,70000.0
70,2023-03-11,70000.0,70000.0,70000.0,70000.0,70000.0
71,2023-03-12,70000.0,70000.0,70000.0,70000.0,70000.0
72,2023-03-13,75000.0,70000.0,70000.0,70000.0,70714.28571428571
73,2023-03-14,75000.0,75000.0,70000.0,70000.0,71428.57142857143
74,2023-03-15,73000.0,75000.0,70000.0,70000.0,71857.14285714286
75,2023-03-16,73000.0,73000.0,75000.0,70000.0,72285.71428571429
76,2023-03-17,73000.0,73000.0,75000.0,70000.0,72714.28571428571
77,2023-03-18,70000.0,73000.0,73000.0,70000.0,72714.28571428571
78,2023-03-19,70000.0,70000.0,73000.0,70000.0,72714.28571428571
79,2023-03-20,75000.0,70000.0,73000.0,75000.0,72714.28571428571
80,2023-03-21,75000.0,75000.0,70000.0,75000.0,72714.28571428571
81,2023-03-22,75000.0,75000.0,70000.0,73000.0,73000.0
82,2023-03-23,75000.0,75000.0,75000.0,73000.0,73285.71428571429
83,2023-03-24,70000.0,75000.0,75000.0,73000.0,72857.14285714286
84,2023-03-25,70000.0,70000.0,75000.0,70000.0,72857.14285714286
85,2023-03-26,70000.0,70000.0,75000.0,70000.0,72857.14285714286
86,2023-03-27,45000.0,70000.0,70000.0,75000.0,68571.42857142857
87,2023-03-28,30000.0,45000.0,70000.0,75000.0,62142.857142857145
88,2023-03-29,45000.0,30000.0,70000.0,75000.0,57857.142857142855
89,2023-03-30,45000.0,45000.0,45000.0,75000.0,53571.42857142857
90,2023-03-31,45000.0,45000.0,30000.0,70000.0,50000.0
91,2023-04-01,25000.0,45000.0,45000.0,70000.0,43571.42857142857
92,2023-04-02,25000.0,25000.0,45000.0,70000.0,37142.857142857145
93,2023-04-03,25000.0,25000.0,45000.0,45000.0,34285.71428571428
94,2023-04-04,24000.0,25000.0,25000.0,30000.0,33428.57142857143
95,2023-04-05,20000.0,24000.0,25000.0,45000.0,29857.14285714286
96,2023-04-06,20000.0,20000.0,25000.0,45000.0,26285.714285714286
97,2023-04-07,20000.0,20000.0,24000.0,45000.0,22714.285714285714
98,2023-04-08,28000.0,20000.0,20000.0,25000.0,23142.85714285714
99,2023-04-09,28000.0,28000.0,20000.0,25000.0,23571.428571428572
100,2023-04-10,30000.0,28000.0,20000.0,25000.0,24285.714285714286
101,2023-04-11,30000.0,30000.0,28000.0,24000.0,25142.85714285714
102,2023-04-12,27000.0,30000.0,28000.0,20000.0,26142.85714285714
103,2023-04-13,27000.0,27000.0,30000.0,20000.0,27142.85714285714
104,2023-04-14,27000.0,27000.0,30000.0,20000.0,28142.85714285714
105,2023-04-15,30000.0,27000.0,27000.0,28000.0,28428.571428571428
106,2023-04-16,30000.0,30000.0,27000.0,28000.0,28714.285714285714
107,2023-04-17,28000.0,30000.0,27000.0,30000.0,28428.571428571428
108,2023-04-18,28000.0,28000.0,30000.0,30000.0,28142.85714285714
109,2023-04-19,28000.0,28000.0,30000.0,27000.0,28285.714285714286
110,2023-04-20,28000.0,28000.0,28000.0,27000.0,28428.571428571428
111,2023-04-21,28000.0,28000.0,28000.0,27000.0,28571.428571428572
112,2023-04-22,28000.0,28000.0,28000.0,30000.0,28285.714285714286
113,2023-04-23,28000.0,28000.0,28000.0,30000.0,28000.0
114,2023-04-24,28000.0,28000.0,28000.0,28000.0,28000.0
115,2023-04-25,28000.0,28000.0,28000.0,28000.0,28000.0
116,2023-04-26,25000.0,28000.0,28000.0,28000.0,27571.428571428572
117,2023-04-27,25000.0,25000.0,28000.0,28000.0,27142.85714285714
118,2023-04-28,25000.0,25000.0,28000.0,28000.0,26714.285714285714
119,2023-04-29,30000.0,25000.0,25000.0,28000.0,27000.0
120,2023-04-30,28000.0,30000.0,25000.0,28000.0,27000.0
121,2023-05-01,25000.0,28000.0,25000.0,28000.0,26571.428571428572
122,2023-05-02,25000.0,25000.0,30000.0,28000.0,26142.85714285714
123,2023-05-03,25000.0,25000.0,28000.0,25000.0,26142.85714285714
124,2023-05-04,24000.0,25000.0,25000.0,25000.0,26000.0
125,2023-05-05,20000.0,24000.0,25000.0,25000.0,25285.714285714286
126,2023-05-06,20000.0,20000.0,25000.0,30000.0,23857.14285714286
127,2023-05-07,20000.0,20000.0,24000.0,28000.0,22714.285714285714
128,2023-05-08,28000.0,20000.0,20000.0,25000.0,23142.85714285714
129,2023-05-09,28000.0,28000.0,20000.0,25000.0,23571.428571428572
130,2023-05-10,30000.0,28000.0,20000.0,25000.0,24285.714285714286
131,2023-05-11,30000.0,30000.0,28000.0,24000.0,25142.85714285714
132,2023-05-12,27000.0,30000.0,28000.0,20000.0,26142.85714285714
133,2023-05-13,27000.0,27000.0,30000.0,20000.0,27142.85714285714
134,2023-05-14,27000.0,27000.0,30000.0,20000.0,28142.85714285714
135,2023-05-15,30000.0,27000.0,27000.0,28000.0,28428.571428571428
136,2023-05-16,30000.0,30000.0,27000.0,28000.0,28714.285714285714
137,2023-05-17,28000.0,30000.0,27000.0,30000.0,28428.571428571428
138,2023-05-18,28000.0,28000.0,30000.0,30000.0,28142.85714285714
139,2023-05-19,28000.0,28000.0,30000.0,27000.0,28285.714285714286
140,2023-05-20,28000.0,28000.0,28000.0,27000.0,28428.571428571428
141,2023-05-21,28000.0,28000.0,28000.0,27000.0,28571.428571428572
142,2023-05-22,28000.0,28000.0,28000.0,30000.0,28285.714285714286
143,2023-05-23,28000.0,28000.0,28000.0,30000.0,28000.0
144,2023-05-24,28000.0,28000.0,28000.0,28000.0,28000.0
145,2023-05-25,28000.0,28000.0,28000.0,28000.0,28000.0
146,2023-05-26,25000.0,28000.0,28000.0,28000.0,27571.428571428572
147,2023-05-27,25000.0,25000.0,28000.0,28000.0,27142.85714285714
148,2023-05-28,25000.0,25000.0,28000.0,28000.0,26714.285714285714
149,2023-05-29,30000.0,25000.0,25000.0,28000.0,27000.0
150,2023-05-30,28000.0,30000.0,25000.0,28000.0,27000.0
151,2023-05-31,28000.0,28000.0,25000.0,28000.0,27000.0
152,2023-06-01,28000.0,28000.0,30000.0,28000.0,27000.0
153,2023-06-02,28000.0,28000.0,28000.0,25000.0,27428.571428571428
154,2023-06-03,28000.0,28000.0,28000.0,25000.0,27857.14285714286
155,2023-06-04,28000.0,28000.0,28000.0,25000.0,28285.714285714286
156,2023-06-05,28000.0,28000.0,28000.0,30000.0,28000.0
157,2023-06-06,28000.0,28000.0,28000.0,28000.0,28000.0
158,2023-06-07,28000.0,28000.0,28000.0,28000.0,28000.0
159,2023-06-08,33000.0,28000.0,28000.0,28000.0,28714.285714285714
160,2023-06-09,32000.0,33000.0,28000.0,28000.0,29285.714285714286
161,2023-06-10,32000.0,32000.0,28000.0,28000.0,29857.14285714286
162,2023-06-11,32000.0,32000.0,33000.0,28000.0,30428.571428571428
163,2023-06-12,30000.0,32000.0,32000.0,28000.0,30714.285714285714
164,2023-06-13,30000.0,30000.0,32000.0,28000.0,31000.0
165,2023-06-14,30000.0,30000.0,32000.0,28000.0,31285.714285714286
166,2023-06-15,30000.0,30000.0,30000.0,33000.0,30857.14285714286
167,2023-06-16,30000.0,30000.0,30000.0,32000.0,30571.428571428572
168,2023-06-17,30000.0,30000.0,30000.0,32000.0,30285.714285714286
169,2023-06-18,30000.0,30000.0,30000.0,32000.0,30000.0
170,2023-06-19,25000.0,30000.0,30000.0,30000.0,29285.714285714286
171,2023-06-20,25000.0,25000.0,30000.0,30000.0,28571.428571428572
172,2023-06-21,28000.0,25000.0,30000.0,30000.0,28285.714285714286
173,2023-06-22,30000.0,28000.0,25000.0,30000.0,28285.714285714286
174,2023-06-23,22000.0,30000.0,25000.0,30000.0,27142.85714285714
175,2023-06-24,22000.0,22000.0,28000.0,30000.0,26000.0
176,2023-06-25,22000.0,22000.0,30000.0,30000.0,24857.14285714286
177,2023-06-26,22000.0,22000.0,22000.0,25000.0,24428.571428571428
178,2023-06-27,22000.0,22000.0,22000.0,25000.0,24000.0
179,2023-06-28,22000.0,22000.0,22000.0,28000.0,23142.85714285714
180,2023-06-29,22000.0,22000.0,22000.0,30000.0,22000.0
181,2023-06-30,22000.0,22000.0,22000.0,22000.0,22000.0
182,2023-07-01,22000.0,22000.0,22000.0,22000.0,22000.0
183,2023-07-02,20000.0,22000.0,22000.0,22000.0,21714.285714285714
184,2023-07-03,20000.0,20000.0,22000.0,22000.0,21428.571428571428
185,2023-07-04,20000.0,20000.0,22000.0,22000.0,21142.85714285714
186,2023-07-05,20000.0,20000.0,20000.0,22000.0,20857.14285714286
187,2023-07-06,20000.0,20000.0,20000.0,22000.0,20571.428571428572
188,2023-07-07,20000.0,20000.0,20000.0,22000.0,20285.714285714286
189,2023-07-08,20000.0,20000.0,20000.0,22000.0,20000.0
190,2023-07-09,20000.0,20000.0,20000.0,20000.0,20000.0
191,2023-07-10,20000.0,20000.0,20000.0,20000.0,20000.0
192,2023-07-11,20000.0,20000.0,20000.0,20000.0,20000.0
193,2023-07-12,20000.0,20000.0,20000.0,20000.0,20000.0
194,2023-07-13,20000.0,20000.0,20000.0,20000.0,20000.0
195,2023-07-14,20000.0,20000.0,20000.0,20000.0,20000.0
196,2023-07-15,20000.0,20000.0,20000.0,20000.0,20000.0
197,2023-07-16,20000.0,20000.0,20000.0,20000.0,20000.0
198,2023-07-17,20000.0,20000.0,20000.0,20000.0,20000.0
199,2023-07-18,20000.0,20000.0,20000.0,20000.0,20000.0
200,2023-07-19,20000.0,20000.0,20000.0,20000.0,20000.0
201,2023-07-20,30000.0,20000.0,20000.0,20000.0,21428.571428571428
202,2023-07-21,30000.0,30000.0,20000.0,20000.0,22857.14285714286
203,2023-07-22,30000.0,30000.0,20000.0,20000.0,24285.714285714286
204,2023-07-23,30000.0,30000.0,30000.0,20000.0,25714.285714285714
205,2023-07-24,32000.0,30000.0,30000.0,20000.0,27428.571428571428
206,2023-07-25,32000.0,32000.0,30000.0,20000.0,29142.85714285714
207,2023-07-26,30000.0,32000.0,30000.0,20000.0,30571.428571428572
208,2023-07-27,30000.0,30000.0,32000.0,30000.0,30571.428571428572
209,2023-07-28,30000.0,30000.0,32000.0,30000.0,30571.428571428572
210,2023-07-29,30000.0,30000.0,30000.0,30000.0,30571.428571428572
211,2023-07-30,30000.0,30000.0,30000.0,30000.0,30571.428571428572
212,2023-07-31,30000.0,30000.0,30000.0,32000.0,30285.714285714286
213,2023-08-01,40000.0,30000.0,30000.0,32000.0,31428.571428571428
214,2023-08-02,40000.0,40000.0,30000.0,30000.0,32857.142857142855
215,2023-08-03,37000.0,40000.0,30000.0,30000.0,33857.142857142855
216,2023-08-04,37000.0,37000.0,40000.0,30000.0,34857.142857142855
217,2023-08-05,37000.0,37000.0,40000.0,30000.0,35857.142857142855
218,2023-08-06,37000.0,37000.0,37000.0,30000.0,36857.142857142855
219,2023-08-07,37000.0,37000.0,37000.0,30000.0,37857.142857142855
220,2023-08-08,35000.0,37000.0,37000.0,40000.0,37142.857142857145
221,2023-08-09,35000.0,35000.0,37000.0,40000.0,36428.57142857143
222,2023-08-10,35000.0,35000.0,37000.0,37000.0,36142.857142857145
223,2023-08-11,35000.0,35000.0,35000.0,37000.0,35857.142857142855
224,2023-08-12,35000.0,35000.0,35000.0,37000.0,35571.42857142857
225,2023-08-13,35000.0,35000.0,35000.0,37000.0,35285.71428571428
226,2023-08-14,42000.0,35000.0,35000.0,37000.0,36000.0
227,2023-08-15,42000.0,42000.0,35000.0,35000.0,37000.0
228,2023-08-16,42000.0,42000.0,35000.0,35000.0,38000.0
229,2023-08-17,42000.0,42000.0,42000.0,35000.0,39000.0
230,2023-08-18,45000.0,42000.0,42000.0,35000.0,40428.57142857143
231,2023-08-19,45000.0,45000.0,42000.0,35000.0,41857.142857142855
232,2023-08-20,45000.0,45000.0,42000.0,35000.0,43285.71428571428
233,2023-08-21,40000.0,45000.0,45000.0,42000.0,43000.0
234,2023-08-22,40000.0,40000.0,45000.0,42000.0,42714.28571428572
235,2023-08-23,40000.0,40000.0,45000.0,42000.0,42428.57142857143
236,2023-08-24,30000.0,40000.0,40000.0,42000.0,40714.28571428572
237,2023-08-25,30000.0,30000.0,40000.0,45000.0,38571.42857142857
238,2023-08-26,30000.0,30000.0,40000.0,45000.0,36428.57142857143
239,2023-08-27,30000.0,30000.0,30000.0,45000.0,34285.71428571428
240,2023-08-28,30000.0,30000.0,30000.0,40000.0,32857.142857142855
241,2023-08-29,28000.0,30000.0,30000.0,40000.0,31142.85714285714
242,2023-08-30,28000.0,28000.0,30000.0,40000.0,29428.571428571428
243,2023-08-31,28000.0,28000.0,30000.0,30000.0,29142.85714285714
244,2023-09-01,28000.0,28000.0,28000.0,30000.0,28857.14285714286
245,2023-09-02,28000.0,28000.0,28000.0,30000.0,28571.428571428572
246,2023-09-03,28000.0,28000.0,28000.0,30000.0,28285.714285714286
247,2023-09-04,30000.0,28000.0,28000.0,30000.0,28285.714285714286
248,2023-09-05,30000.0,30000.0,28000.0,28000.0,28571.428571428572
249,2023-09-06,30000.0,30000.0,28000.0,28000.0,28857.14285714286
250,2023-09-07,30000.0,30000.0,30000.0,28000.0,29142.85714285714
251,2023-09-08,30000.0,30000.0,30000.0,28000.0,29428.571428571428
252,2023-09-09,30000.0,30000.0,30000.0,28000.0,29714.285714285714
253,2023-09-10,30000.0,30000.0,30000.0,28000.0,30000.0
254,2023-09-11,30000.0,30000.0,30000.0,30000.0,30000.0
255,2023-09-12,23000.0,30000.0,30000.0,30000.0,29000.0
256,2023-09-13,25000.0,23000.0,30000.0,30000.0,28285.714285714286
257,2023-09-14,25000.0,25000.0,30000.0,30000.0,27571.428571428572
258,2023-09-15,25000.0,25000.0,23000.0,30000.0,26857.14285714286
259,2023-09-16,25000.0,25000.0,25000.0,30000.0,26142.85714285714
260,2023-09-17,25000.0,25000.0,25000.0,30000.0,25428.571428571428
261,2023-09-18,27000.0,25000.0,25000.0,30000.0,25000.0
262,2023-09-19,27000.0,27000.0,25000.0,23000.0,25571.428571428572
263,2023-09-20,30000.0,27000.0,25000.0,25000.0,26285.714285714286
264,2023-09-21,26000.0,30000.0,27000.0,25000.0,26428.571428571428
265,2023-09-22,26000.0,26000.0,27000.0,25000.0,26571.428571428572
266,2023-09-23,26000.0,26000.0,30000.0,25000.0,26714.285714285714
267,2023-09-24,26000.0,26000.0,26000.0,25000.0,26857.14285714286
268,2023-09-25,26000.0,26000.0,26000.0,27000.0,26714.285714285714
269,2023-09-26,27000.0,26000.0,26000.0,27000.0,26714.285714285714
270,2023-09-27,25000.0,27000.0,26000.0,30000.0,26000.0
271,2023-09-28,25000.0,25000.0,26000.0,26000.0,25857.14285714286
272,2023-09-29,25000.0,25000.0,27000.0,26000.0,25714.285714285714
273,2023-09-30,25000.0,25000.0,25000.0,26000.0,25571.428571428572
274,2023-10-01,25000.0,25000.0,25000.0,26000.0,25428.571428571428
275,2023-10-02,25000.0,25000.0,25000.0,26000.0,25285.714285714286
276,2023-10-03,32000.0,25000.0,25000.0,27000.0,26000.0
277,2023-10-04,32000.0,32000.0,25000.0,25000.0,27000.0
278,2023-10-05,40000.0,32000.0,25000.0,25000.0,29142.85714285714
279,2023-10-06,40000.0,40000.0,32000.0,25000.0,31285.714285714286
280,2023-10-07,40000.0,40000.0,32000.0,25000.0,33428.57142857143
281,2023-10-08,40000.0,40000.0,40000.0,25000.0,35571.42857142857
282,2023-10-09,37000.0,40000.0,40000.0,25000.0,37285.71428571428
283,2023-10-10,42000.0,37000.0,40000.0,32000.0,38714.28571428572
284,2023-10-11,36000.0,42000.0,40000.0,32000.0,39285.71428571428
285,2023-10-12,36000.0,36000.0,37000.0,40000.0,38714.28571428572
286,2023-10-13,38000.0,36000.0,42000.0,40000.0,38428.57142857143
287,2023-10-14,38000.0,38000.0,36000.0,40000.0,38142.857142857145
288,2023-10-15,38000.0,38000.0,36000.0,40000.0,37857.142857142855
289,2023-10-16,45000.0,38000.0,38000.0,37000.0,39000.0
290,2023-10-17,45000.0,45000.0,38000.0,42000.0,39428.57142857143
291,2023-10-18,45000.0,45000.0,38000.0,36000.0,40714.28571428572
292,2023-10-19,45000.0,45000.0,45000.0,36000.0,42000.0
293,2023-10-20,45000.0,45000.0,45000.0,38000.0,43000.0
294,2023-10-21,46000.0,45000.0,45000.0,38000.0,44142.857142857145
295,2023-10-22,46000.0,46000.0,45000.0,38000.0,45285.71428571428
296,2023-10-23,57000.0,46000.0,45000.0,45000.0,47000.0
297,2023-10-24,57000.0,57000.0,46000.0,45000.0,48714.28571428572
298,2023-10-25,57000.0,57000.0,46000.0,45000.0,50428.57142857143
299,2023-10-26,55000.0,57000.0,57000.0,45000.0,51857.142857142855
300,2023-10-27,65000.0,55000.0,57000.0,45000.0,54714.28571428572
301,2023-10-28,65000.0,65000.0,57000.0,46000.0,57428.57142857143
302,2023-10-29,65000.0,65000.0,55000.0,46000.0,60142.857142857145
303,2023-10-30,70000.0,65000.0,65000.0,57000.0,62000.0
304,2023-10-31,70000.0,70000.0,65000.0,57000.0,63857.142857142855
305,2023-11-01,70000.0,70000.0,65000.0,57000.0,65714.28571428571
306,2023-11-02,63000.0,70000.0,70000.0,55000.0,66857.14285714286
307,2023-11-03,63000.0,63000.0,70000.0,65000.0,66571.42857142857
308,2023-11-04,63000.0,63000.0,70000.0,65000.0,66285.71428571429
309,2023-11-05,63000.0,63000.0,63000.0,65000.0,66000.0
310,2023-11-06,67000.0,63000.0,63000.0,70000.0,65571.42857142857
311,2023-11-07,70000.0,67000.0,63000.0,70000.0,65571.42857142857
312,2023-11-08,72000.0,70000.0,63000.0,70000.0,65857.14285714286
313,2023-11-09,72000.0,72000.0,67000.0,63000.0,67142.85714285714
314,2023-11-10,72000.0,72000.0,70000.0,63000.0,68428.57142857143
315,2023-11-11,72000.0,72000.0,72000.0,63000.0,69714.28571428571
316,2023-11-12,72000.0,72000.0,72000.0,63000.0,71000.0
317,2023-11-13,73000.0,72000.0,72000.0,67000.0,71857.14285714286
318,2023-11-14,75000.0,73000.0,72000.0,70000.0,72571.42857142857
319,2023-11-15,75000.0,75000.0,72000.0,72000.0,73000.0
320,2023-11-16,78000.0,75000.0,73000.0,72000.0,73857.14285714286
321,2023-11-17,78000.0,78000.0,75000.0,72000.0,74714.28571428571
322,2023-11-18,78000.0,78000.0,75000.0,72000.0,75571.42857142857
323,2023-11-19,78000.0,78000.0,78000.0,72000.0,76428.57142857143
324,2023-11-20,90000.0,78000.0,78000.0,73000.0,78857.14285714286
325,2023-11-21,95000.0,90000.0,78000.0,75000.0,81714.28571428571
326,2023-11-22,85000.0,95000.0,78000.0,75000.0,83142.85714285714
327,2023-11-23,90000.0,85000.0,90000.0,78000.0,84857.14285714286
328,2023-11-24,80000.0,90000.0,95000.0,78000.0,85142.85714285714
329,2023-11-25,80000.0,80000.0,85000.0,78000.0,85428.57142857143
330,2023-11-26,80000.0,80000.0,90000.0,78000.0,85714.28571428571
331,2023-11-27,80000.0,80000.0,80000.0,90000.0,84285.71428571429
332,2023-11-28,80000.0,80000.0,80000.0,95000.0,82142.85714285714
333,2023-11-29,82000.0,80000.0,80000.0,85000.0,81714.28571428571
334,2023-11-30,80000.0,82000.0,80000.0,90000.0,80285.71428571429
335,2023-12-01,80000.0,80000.0,80000.0,80000.0,80285.71428571429
336,2023-12-02,80000.0,80000.0,82000.0,80000.0,80285.71428571429
337,2023-12-03,80000.0,80000.0,80000.0,80000.0,80285.71428571429
338,2023-12-04,83000.0,80000.0,80000.0,80000.0,80714.28571428571
339,2023-12-05,85000.0,83000.0,80000.0,80000.0,81428.57142857143
340,2023-12-06,85000.0,85000.0,80000.0,82000.0,81857.14285714286
341,2023-12-07,85000.0,85000.0,83000.0,80000.0,82571.42857142857
342,2023-12-08,85000.0,85000.0,85000.0,80000.0,83285.71428571429
343,2023-12-09,85000.0,85000.0,85000.0,80000.0,84000.0
344,2023-12-10,85000.0,85000.0,85000.0,80000.0,84714.28571428571
345,2023-12-11,85000.0,85000.0,85000.0,83000.0,85000.0
346,2023-12-12,85000.0,85000.0,85000.0,85000.0,85000.0
347,2023-12-13,88000.0,85000.0,85000.0,85000.0,85428.57142857143
348,2023-12-14,88000.0,88000.0,85000.0,85000.0,85857.14285714286
349,2023-12-15,75000.0,88000.0,85000.0,85000.0,84428.57142857143
350,2023-12-16,75000.0,75000.0,88000.0,85000.0,83000.0
351,2023-12-17,75000.0,75000.0,88000.0,85000.0,81571.42857142857
352,2023-12-18,75000.0,75000.0,75000.0,85000.0,80142.85714285714
353,2023-12-19,75000.0,75000.0,75000.0,85000.0,78714.28571428571
354,2023-12-20,73000.0,75000.0,75000.0,88000.0,76571.42857142857
355,2023-12-21,73000.0,73000.0,75000.0,88000.0,74428.57142857143
356,2023-12-22,70000.0,73000.0,75000.0,75000.0,73714.28571428571
357,2023-12-23,70000.0,70000.0,73000.0,75000.0,73000.0
358,2023-12-24,70000.0,70000.0,73000.0,75000.0,72285.71428571429
359,2023-12-25,70000.0,70000.0,70000.0,75000.0,71571.42857142857
360,2023-12-26,70000.0,70000.0,70000.0,75000.0,70857.14285714286
361,2023-12-27,70000.0,70000.0,70000.0,73000.0,70428.57142857143
362,2023-12-28,70000.0,70000.0,70000.0,73000.0,70000.0
363,2023-12-29,70000.0,70000.0,70000.0,70000.0,70000.0
364,2023-12-30,75000.0,70000.0,70000.0,70000.0,70714.28571428571
365,2023-12-31,70000.0,75000.0,70000.0,70000.0,70714.28571428571
366,2024-01-01,40000.0,70000.0,70000.0,70000.0,66428.57142857143
367,2024-01-02,40000.0,40000.0,75000.0,70000.0,62142.857142857145
368,2024-01-03,40000.0,40000.0,70000.0,70000.0,57857.142857142855
369,2024-01-04,45000.0,40000.0,40000.0,70000.0,54285.71428571428
370,2024-01-05,45000.0,45000.0,40000.0,70000.0,50714.28571428572
371,2024-01-06,45000.0,45000.0,40000.0,75000.0,46428.57142857143
372,2024-01-07,45000.0,45000.0,45000.0,70000.0,42857.142857142855
373,2024-01-08,45000.0,45000.0,45000.0,40000.0,43571.42857142857
374,2024-01-09,45000.0,45000.0,45000.0,40000.0,44285.71428571428
375,2024-01-10,55000.0,45000.0,45000.0,40000.0,46428.57142857143
376,2024-01-11,55000.0,55000.0,45000.0,45000.0,47857.142857142855
377,2024-01-12,55000.0,55000.0,45000.0,45000.0,49285.71428571428
378,2024-01-13,55000.0,55000.0,55000.0,45000.0,50714.28571428572
379,2024-01-14,55000.0,55000.0,55000.0,45000.0,52142.857142857145
380,2024-01-15,55000.0,55000.0,55000.0,45000.0,53571.42857142857
381,2024-01-16,55000.0,55000.0,55000.0,45000.0,55000.0
382,2024-01-17,55000.0,55000.0,55000.0,55000.0,55000.0
383,2024-01-18,55000.0,55000.0,55000.0,55000.0,55000.0
384,2024-01-19,55000.0,55000.0,55000.0,55000.0,55000.0
385,2024-01-20,55000.0,55000.0,55000.0,55000.0,55000.0
386,2024-01-21,55000.0,55000.0,55000.0,55000.0,55000.0
387,2024-01-22,65000.0,55000.0,55000.0,55000.0,56428.57142857143
388,2024-01-23,65000.0,65000.0,55000.0,55000.0,57857.142857142855
389,2024-01-24,70000.0,65000.0,55000.0,55000.0,60000.0
390,2024-01-25,75000.0,70000.0,65000.0,55000.0,62857.142857142855
391,2024-01-26,75000.0,75000.0,65000.0,55000.0,65714.28571428571
392,2024-01-27,75000.0,75000.0,70000.0,55000.0,68571.42857142857
393,2024-01-28,75000.0,75000.0,75000.0,55000.0,71428.57142857143
394,2024-01-29,80000.0,75000.0,75000.0,65000.0,73571.42857142857
395,2024-01-30,80000.0,80000.0,75000.0,65000.0,75714.28571428571
396,2024-01-31,80000.0,80000.0,75000.0,70000.0,77142.85714285714
397,2024-02-01,80000.0,80000.0,80000.0,75000.0,77857.14285714286
398,2024-02-02,80000.0,80000.0,80000.0,75000.0,78571.42857142857
399,2024-02-03,80000.0,80000.0,80000.0,75000.0,79285.71428571429
400,2024-02-04,80000.0,80000.0,80000.0,75000.0,80000.0
401,2024-02-05,80000.0,80000.0,80000.0,80000.0,80000.0
402,2024-02-06,80000.0,80000.0,80000.0,80000.0,80000.0
403,2024-02-07,80000.0,80000.0,80000.0,80000.0,80000.0
404,2024-02-08,80000.0,80000.0,80000.0,80000.0,80000.0
405,2024-02-09,80000.0,80000.0,80000.0,80000.0,80000.0
406,2024-02-10,80000.0,80000.0,80000.0,80000.0,80000.0
407,2024-02-11,80000.0,80000.0,80000.0,80000.0,80000.0
408,2024-02-12,70000.0,80000.0,80000.0,80000.0,78571.42857142857
409,2024-02-13,70000.0,70000.0,80000.0,80000.0,77142.85714285714
410,2024-02-14,60000.0,70000.0,80000.0,80000.0,74285.71428571429
411,2024-02-15,60000.0,60000.0,70000.0,80000.0,71428.57142857143
412,2024-02-16,60000.0,60000.0,70000.0,80000.0,68571.42857142857
413,2024-02-17,60000.0,60000.0,60000.0,80000.0,65714.28571428571
414,2024-02-18,60000.0,60000.0,60000.0,80000.0,62857.142857142855
415,2024-02-19,66667.0,60000.0,60000.0,70000.0,62381.0
416,2024-02-20,66667.0,66667.0,60000.0,70000.0,61904.857142857145
417,2024-02-21,66667.0,66667.0,60000.0,60000.0,62857.28571428572
418,2024-02-22,60000.0,66667.0,66667.0,60000.0,62857.28571428572
419,2024-02-23,60000.0,60000.0,66667.0,60000.0,62857.28571428572
420,2024-02-24,60000.0,60000.0,66667.0,60000.0,62857.28571428572
421,2024-02-25,60000.0,60000.0,60000.0,60000.0,62857.28571428572
422,2024-02-26,40000.0,60000.0,60000.0,66667.0,59047.71428571428
423,2024-02-27,40000.0,40000.0,60000.0,66667.0,55238.142857142855
424,2024-02-28,40000.0,40000.0,60000.0,66667.0,51428.57142857143
425,2024-02-29,40000.0,40000.0,40000.0,60000.0,48571.42857142857
426,2024-03-01,40000.0,40000.0,40000.0,60000.0,45714.28571428572
427,2024-03-02,40000.0,40000.0,40000.0,60000.0,42857.142857142855
428,2024-03-03,40000.0,40000.0,40000.0,60000.0,40000.0
429,2024-03-04,35000.0,40000.0,40000.0,40000.0,39285.71428571428
430,2024-03-05,35000.0,35000.0,40000.0,40000.0,38571.42857142857
431,2024-03-06,35000.0,35000.0,40000.0,40000.0,37857.142857142855
432,2024-03-07,35000.0,35000.0,35000.0,40000.0,37142.857142857145
433,2024-03-08,35000.0,35000.0,35000.0,40000.0,36428.57142857143
434,2024-03-09,35000.0,35000.0,35000.0,40000.0,35714.28571428572
435,2024-03-10,35000.0,35000.0,35000.0,40000.0,35000.0
436,2024-03-11,40000.0,35000.0,35000.0,35000.0,35714.28571428572
437,2024-03-12,40000.0,40000.0,35000.0,35000.0,36428.57142857143
438,2024-03-13,40000.0,40000.0,35000.0,35000.0,37142.857142857145
439,2024-03-14,40000.0,40000.0,40000.0,35000.0,37857.142857142855
440,2024-03-15,40000.0,40000.0,40000.0,35000.0,38571.42857142857
441,2024-03-16,40000.0,40000.0,40000.0,35000.0,39285.71428571428
442,2024-03-17,40000.0,40000.0,40000.0,35000.0,40000.0
443,2024-03-18,40000.0,40000.0,40000.0,40000.0,40000.0
444,2024-03-19,40000.0,40000.0,40000.0,40000.0,40000.0
445,2024-03-20,40000.0,40000.0,40000.0,40000.0,40000.0
446,2024-03-21,40000.0,40000.0,40000.0,40000.0,40000.0
447,2024-03-22,40000.0,40000.0,40000.0,40000.0,40000.0
448,2024-03-23,40000.0,40000.0,40000.0,40000.0,40000.0
449,2024-03-24,40000.0,40000.0,40000.0,40000.0,40000.0
450,2024-03-25,45000.0,40000.0,40000.0,40000.0,40714.28571428572
451,2024-03-26,45000.0,45000.0,40000.0,40000.0,41428.57142857143
452,2024-03-27,45000.0,45000.0,40000.0,40000.0,42142.857142857145
453,2024-03-28,45000.0,45000.0,45000.0,40000.0,42857.142857142855
454,2024-03-29,45000.0,45000.0,45000.0,40000.0,43571.42857142857
455,2024-03-30,45000.0,45000.0,45000.0,40000.0,44285.71428571428
456,2024-03-31,45000.0,45000.0,45000.0,40000.0,45000.0
457,2024-04-01,40000.0,45000.0,45000.0,45000.0,44285.71428571428
458,2024-04-02,40000.0,40000.0,45000.0,45000.0,43571.42857142857
459,2024-04-03,40000.0,40000.0,45000.0,45000.0,42857.142857142855
460,2024-04-04,45000.0,40000.0,40000.0,45000.0,42857.142857142855
461,2024-04-05,45000.0,45000.0,40000.0,45000.0,42857.142857142855
462,2024-04-06,45000.0,45000.0,40000.0,45000.0,42857.142857142855
463,2024-04-07,45000.0,45000.0,45000.0,45000.0,42857.142857142855
464,2024-04-08,45000.0,45000.0,45000.0,40000.0,43571.42857142857
465,2024-04-09,45000.0,45000.0,45000.0,40000.0,44285.71428571428
466,2024-04-10,55000.0,45000.0,45000.0,40000.0,46428.57142857143
467,2024-04-11,55000.0,55000.0,45000.0,45000.0,47857.142857142855
468,2024-04-12,55000.0,55000.0,45000.0,45000.0,49285.71428571428
469,2024-04-13,55000.0,55000.0,55000.0,45000.0,50714.28571428572
470,2024-04-14,55000.0,55000.0,55000.0,45000.0,52142.857142857145
471,2024-04-15,55000.0,55000.0,55000.0,45000.0,53571.42857142857
472,2024-04-16,55000.0,55000.0,55000.0,45000.0,55000.0
473,2024-04-17,55000.0,55000.0,55000.0,55000.0,55000.0
474,2024-04-18,55000.0,55000.0,55000.0,55000.0,55000.0
475,2024-04-19,55000.0,55000.0,55000.0,55000.0,55000.0
476,2024-04-20,55000.0,55000.0,55000.0,55000.0,55000.0
477,2024-04-21,55000.0,55000.0,55000.0,55000.0,55000.0
478,2024-04-22,65000.0,55000.0,55000.0,55000.0,56428.57142857143
479,2024-04-23,65000.0,65000.0,55000.0,55000.0,57857.142857142855
480,2024-04-24,70000.0,65000.0,55000.0,55000.0,60000.0
481,2024-04-25,75000.0,70000.0,65000.0,55000.0,62857.142857142855
482,2024-04-26,75000.0,75000.0,65000.0,55000.0,65714.28571428571
483,2024-04-27,75000.0,75000.0,70000.0,55000.0,68571.42857142857
484,2024-04-28,75000.0,75000.0,75000.0,55000.0,71428.57142857143
485,2024-04-29,80000.0,75000.0,75000.0,65000.0,73571.42857142857
486,2024-04-30,80000.0,80000.0,75000.0,65000.0,75714.28571428571
487,2024-05-01,80000.0,80000.0,75000.0,70000.0,77142.85714285714
488,2024-05-02,80000.0,80000.0,80000.0,75000.0,77857.14285714286
489,2024-05-03,80000.0,80000.0,80000.0,75000.0,78571.42857142857
490,2024-05-04,80000.0,80000.0,80000.0,75000.0,79285.71428571429
491,2024-05-05,80000.0,80000.0,80000.0,75000.0,80000.0
492,2024-05-06,80000.0,80000.0,80000.0,80000.0,80000.0
493,2024-05-07,80000.0,80000.0,80000.0,80000.0,80000.0
494,2024-05-08,80000.0,80000.0,80000.0,80000.0,80000.0
495,2024-05-09,80000.0,80000.0,80000.0,80000.0,80000.0
496,2024-05-10,80000.0,80000.0,80000.0,80000.0,80000.0
497,2024-05-11,80000.0,80000.0,80000.0,80000.0,80000.0
498,2024-05-12,80000.0,80000.0,80000.0,80000.0,80000.0
499,2024-05-13,70000.0,80000.0,80000.0,80000.0,78571.42857142857
500,2024-05-14,70000.0,70000.0,80000.0,80000.0,77142.85714285714
501,2024-05-15,60000.0,70000.0,80000.0,80000.0,74285.71428571429
502,2024-05-16,60000.0,60000.0,70000.0,80000.0,71428.57142857143
503,2024-05-17,60000.0,60000.0,70000.0,80000.0,68571.42857142857
504,2024-05-18,60000.0,60000.0,60000.0,80000.0,65714.28571428571
505,2024-05-19,60000.0,60000.0,60000.0,80000.0,62857.142857142855
506,2024-05-20,66667.0,60000.0,60000.0,70000.0,62381.0
507,2024-05-21,66667.0,66667.0,60000.0,70000.0,61904.857142857145
508,2024-05-22,66667.0,66667.0,60000.0,60000.0,62857.28571428572
509,2024-05-23,60000.0,66667.0,66667.0,60000.0,62857.28571428572
510,2024-05-24,60000.0,60000.0,66667.0,60000.0,62857.28571428572
511,2024-05-25,60000.0,60000.0,66667.0,60000.0,62857.28571428572
512,2024-05-26,60000.0,60000.0,60000.0,60000.0,62857.28571428572
513,2024-05-27,40000.0,60000.0,60000.0,66667.0,59047.71428571428
514,2024-05-28,40000.0,40000.0,60000.0,66667.0,55238.142857142855
515,2024-05-29,40000.0,40000.0,60000.0,66667.0,51428.57142857143
516,2024-05-30,40000.0,40000.0,40000.0,60000.0,48571.42857142857
517,2024-05-31,40000.0,40000.0,40000.0,60000.0,45714.28571428572
518,2024-06-01,40000.0,40000.0,40000.0,60000.0,42857.142857142855
519,2024-06-02,40000.0,40000.0,40000.0,60000.0,40000.0
520,2024-06-03,35000.0,40000.0,40000.0,40000.0,39285.71428571428
521,2024-06-04,35000.0,35000.0,40000.0,40000.0,38571.42857142857
522,2024-06-05,35000.0,35000.0,40000.0,40000.0,37857.142857142855
523,2024-06-06,35000.0,35000.0,35000.0,40000.0,37142.857142857145
524,2024-06-07,35000.0,35000.0,35000.0,40000.0,36428.57142857143
525,2024-06-08,35000.0,35000.0,35000.0,40000.0,35714.28571428572
526,2024-06-09,35000.0,35000.0,35000.0,40000.0,35000.0
527,2024-06-10,40000.0,35000.0,35000.0,35000.0,35714.28571428572
528,2024-06-11,40000.0,40000.0,35000.0,35000.0,36428.57142857143
529,2024-06-12,40000.0,40000.0,35000.0,35000.0,37142.857142857145
530,2024-06-13,40000.0,40000.0,40000.0,35000.0,37857.142857142855
531,2024-06-14,40000.0,40000.0,40000.0,35000.0,38571.42857142857
532,2024-06-15,40000.0,40000.0,40000.0,35000.0,39285.71428571428
533,2024-06-16,40000.0,40000.0,40000.0,35000.0,40000.0
534,2024-06-17,40000.0,40000.0,40000.0,40000.0,40000.0
535,2024-06-18,40000.0,40000.0,40000.0,40000.0,40000.0
536,2024-06-19,40000.0,40000.0,40000.0,40000.0,40000.0
537,2024-06-20,40000.0,40000.0,40000.0,40000.0,40000.0
538,2024-06-21,40000.0,40000.0,40000.0,40000.0,40000.0
539,2024-06-22,40000.0,40000.0,40000.0,40000.0,40000.0
540,2024-06-23,40000.0,40000.0,40000.0,40000.0,40000.0
541,2024-06-24,45000.0,40000.0,40000.0,40000.0,40714.28571428572
542,2024-06-25,45000.0,45000.0,40000.0,40000.0,41428.57142857143
543,2024-06-26,45000.0,45000.0,40000.0,40000.0,42142.857142857145
544,2024-06-27,45000.0,45000.0,45000.0,40000.0,42857.142857142855
545,2024-06-28,45000.0,45000.0,45000.0,40000.0,43571.42857142857
546,2024-06-29,45000.0,45000.0,45000.0,40000.0,44285.71428571428
547,2024-06-30,45000.0,45000.0,45000.0,40000.0,45000.0
548,2024-07-01,40000.0,45000.0,45000.0,45000.0,44285.71428571428
549,2024-07-02,40000.0,40000.0,45000.0,45000.0,43571.42857142857
550,2024-07-03,40000.0,40000.0,45000.0,45000.0,42857.142857142855
551,2024-07-04,45000.0,40000.0,40000.0,45000.0,42857.142857142855
552,2024-07-05,45000.0,45000.0,40000.0,45000.0,42857.142857142855
553,2024-07-06,45000.0,45000.0,40000.0,45000.0,42857.142857142855
554,2024-07-07,45000.0,45000.0,45000.0,45000.0,42857.142857142855
555,2024-07-08,45000.0,45000.0,45000.0,40000.0,43571.42857142857
556,2024-07-09,45000.0,45000.0,45000.0,40000.0,44285.71428571428
557,2024-07-10,55000.0,45000.0,45000.0,40000.0,46428.57142857143
558,2024-07-11,55000.0,55000.0,45000.0,45000.0,47857.142857142855
559,2024-07-12,55000.0,55000.0,45000.0,45000.0,49285.71428571428
560,2024-07-13,55000.0,55000.0,55000.0,45000.0,50714.28571428572
561,2024-07-14,55000.0,55000.0,55000.0,45000.0,52142.857142857145
562,2024-07-15,55000.0,55000.0,55000.0,45000.0,53571.42857142857
563,2024-07-16,55000.0,55000.0,55000.0,45000.0,55000.0
564,2024-07-17,55000.0,55000.0,55000.0,55000.0,55000.0
565,2024-07-18,55000.0,55000.0,55000.0,55000.0,55000.0
566,2024-07-19,55000.0,55000.0,55000.0,55000.0,55000.0
567,2024-07-20,55000.0,55000.0,55000.0,55000.0,55000.0
568,2024-07-21,55000.0,55000.0,55000.0,55000.0,55000.0
569,2024-07-22,65000.0,55000.0,55000.0,55000.0,56428.57142857143
570,2024-07-23,65000.0,65000.0,55000.0,55000.0,57857.142857142855
571,2024-07-24,70000.0,65000.0,55000.0,55000.0,60000.0
572,2024-07-25,75000.0,70000.0,65000.0,55000.0,62857.142857142855
573,2024-07-26,75000.0,75000.0,65000.0,55000.0,65714.28571428571
574,2024-07-27,75000.0,75000.0,70000.0,55000.0,68571.42857142857
575,2024-07-28,75000.0,75000.0,75000.0,55000.0,71428.57142857143
576,2024-07-29,80000.0,75000.0,75000.0,65000.0,73571.42857142857
577,2024-07-30,80000.0,80000.0,75000.0,65000.0,75714.28571428571
578,2024-07-31,80000.0,80000.0,75000.0,70000.0,77142.85714285714
579,2024-08-01,80000.0,80000.0,80000.0,75000.0,77857.14285714286
580,2024-08-02,80000.0,80000.0,80000.0,75000.0,78571.42857142857
581,2024-08-03,80000.0,80000.0,80000.0,75000.0,79285.71428571429
582,2024-08-04,80000.0,80000.0,80000.0,75000.0,80000.0
583,2024-08-05,80000.0,80000.0,80000.0,80000.0,80000.0
584,2024-08-06,80000.0,80000.0,80000.0,80000.0,80000.0
585,2024-08-07,80000.0,80000.0,80000.0,80000.0,80000.0
586,2024-08-08,80000.0,80000.0,80000.0,80000.0,80000.0
587,2024-08-09,80000.0,80000.0,80000.0,80000.0,80000.0
588,2024-08-10,80000.0,80000.0,80000.0,80000.0,80000.0
589,2024-08-11,80000.0,80000.0,80000.0,80000.0,80000.0
590,2024-08-12,70000.0,80000.0,80000.0,80000.0,78571.42857142857
591,2024-08-13,70000.0,70000.0,80000.0,80000.0,77142.85714285714
592,2024-08-14,60000.0,70000.0,80000.0,80000.0,74285.71428571429
593,2024-08-15,60000.0,60000.0,70000.0,80000.0,71428.57142857143
594,2024-08-16,60000.0,60000.0,70000.0,80000.0,68571.42857142857
595,2024-08-17,60000.0,60000.0,60000.0,80000.0,65714.28571428571
596,2024-08-18,60000.0,60000.0,60000.0,80000.0,62857.142857142855
597,2024-08-19,66667.0,60000.0,60000.0,70000.0,62381.0
598,2024-08-20,66667.0,66667.0,60000.0,70000.0,61904.857142857145
599,2024-08-21,66667.0,66667.0,60000.0,60000.0,62857.28571428572
600,2024-08-22,60000.0,66667.0,66667.0,60000.0,62857.28571428572
601,2024-08-23,60000.0,60000.0,66667.0,60000.0,62857.28571428572
602,2024-08-24,60000.0,60000.0,66667.0,60000.0,62857.28571428572
603,2024-08-25,60000.0,60000.0,60000.0,60000.0,62857.28571428572
604,2024-08-26,40000.0,60000.0,60000.0,66667.0,59047.71428571428
605,2024-08-27,40000.0,40000.0,60000.0,66667.0,55238.142857142855
606,2024-08-28,40000.0,40000.0,60000.0,66667.0,51428.57142857143
607,2024-08-29,40000.0,40000.0,40000.0,60000.0,48571.42857142857
608,2024-08-30,40000.0,40000.0,40000.0,60000.0,45714.28571428572
609,2024-08-31,40000.0,40000.0,40000.0,60000.0,42857.142857142855
610,2024-09-01,40000.0,40000.0,40000.0,60000.0,40000.0
611,2024-09-02,35000.0,40000.0,40000.0,40000.0,39285.71428571428
612,2024-09-03,35000.0,35000.0,40000.0,40000.0,38571.42857142857
613,2024-09-04,35000.0,35000.0,40000.0,40000.0,37857.142857142855
614,2024-09-05,35000.0,35000.0,35000.0,40000.0,37142.857142857145
615,2024-09-06,35000.0,35000.0,35000.0,40000.0,36428.57142857143
616,2024-09-07,35000.0,35000.0,35000.0,40000.0,35714.28571428572
617,2024-09-08,35000.0,35000.0,35000.0,40000.0,35000.0
618,2024-09-09,40000.0,35000.0,35000.0,35000.0,35714.28571428572
619,2024-09-10,40000.0,40000.0,35000.0,35000.0,36428.57142857143
620,2024-09-11,40000.0,40000.0,35000.0,35000.0,37142.857142857145
621,2024-09-12,40000.0,40000.0,40000.0,35000.0,37857.142857142855
622,2024-09-13,40000.0,40000.0,40000.0,35000.0,38571.42857142857
623,2024-09-14,40000.0,40000.0,40000.0,35000.0,39285.71428571428
624,2024-09-15,40000.0,40000.0,40000.0,35000.0,40000.0
625,2024-09-16,40000.0,40000.0,40000.0,40000.0,40000.0
626,2024-09-17,40000.0,40000.0,40000.0,40000.0,40000.0
627,2024-09-18,40000.0,40000.0,40000.0,40000.0,40000.0
628,2024-09-19,40000.0,40000.0,40000.0,40000.0,40000.0
629,2024-09-20,40000.0,40000.0,40000.0,40000.0,40000.0
630,2024-09-21,40000.0,40000.0,40000.0,40000.0,40000.0
631,2024-09-22,40000.0,40000.0,40000.0,40000.0,40000.0
632,2024-09-23,45000.0,40000.0,40000.0,40000.0,40714.28571428572
633,2024-09-24,45000.0,45000.0,40000.0,40000.0,41428.57142857143
634,2024-09-25,45000.0,45000.0,40000.0,40000.0,42142.857142857145
635,2024-09-26,45000.0,45000.0,45000.0,40000.0,42857.142857142855
636,2024-09-27,45000.0,45000.0,45000.0,40000.0,43571.42857142857
637,2024-09-28,45000.0,45000.0,45000.0,40000.0,44285.71428571428
638,2024-09-29,45000.0,45000.0,45000.0,40000.0,45000.0
639,2024-09-30,45000.0,45000.0,45000.0,45000.0,45000.0
640,2024-10-01,40000.0,45000.0,45000.0,45000.0,44285.71428571428
641,2024-10-02,40000.0,40000.0,45000.0,45000.0,43571.42857142857
642,2024-10-03,40000.0,40000.0,45000.0,45000.0,42857.142857142855
643,2024-10-04,40000.0,40000.0,40000.0,45000.0,42142.857142857145
644,2024-10-05,40000.0,40000.0,40000.0,45000.0,41428.57142857143
645,2024-10-06,40000.0,40000.0,40000.0,45000.0,40714.28571428572
646,2024-10-07,40000.0,40000.0,40000.0,45000.0,40000.0
647,2024-10-08,40000.0,40000.0,40000.0,40000.0,40000.0
648,2024-10-09,40000.0,40000.0,40000.0,40000.0,40000.0
649,2024-10-10,45000.0,40000.0,40000.0,40000.0,40714.28571428572
650,2024-10-11,45000.0,45000.0,40000.0,40000.0,41428.57142857143
651,2024-10-12,45000.0,45000.0,40000.0,40000.0,42142.857142857145
652,2024-10-13,45000.0,45000.0,45000.0,40000.0,42857.142857142855
653,2024-10-14,45000.0,45000.0,45000.0,40000.0,43571.42857142857
654,2024-10-15,45000.0,45000.0,45000.0,40000.0,44285.71428571428
655,2024-10-16,45000.0,45000.0,45000.0,40000.0,45000.0
656,2024-10-17,40000.0,45000.0,45000.0,45000.0,44285.71428571428
657,2024-10-18,40000.0,40000.0,45000.0,45000.0,43571.42857142857
658,2024-10-19,40000.0,40000.0,45000.0,45000.0,42857.142857142855
659,2024-10-20,40000.0,40000.0,40000.0,45000.0,42142.857142857145
660,2024-10-21,40000.0,40000.0,40000.0,45000.0,41428.57142857143
661,2024-10-22,40000.0,40000.0,40000.0,45000.0,40714.28571428572
662,2024-10-23,40000.0,40000.0,40000.0,45000.0,40000.0
663,2024-10-24,40000.0,40000.0,40000.0,40000.0,40000.0
664,2024-10-25,40000.0,40000.0,40000.0,40000.0,40000.0
665,2024-10-26,40000.0,40000.0,40000.0,40000.0,40000.0
666,2024-10-27,40000.0,40000.0,40000.0,40000.0,40000.0
667,2024-10-28,40000.0,40000.0,40000.0,40000.0,40000.0
668,2024-10-29,40000.0,40000.0,40000.0,40000.0,40000.0
669,2024-10-30,40000.0,40000.0,40000.0,40000.0,40000.0
670,2024-10-31,40000.0,40000.0,40000.0,40000.0,40000.0
671,2024-11-01,40000.0,40000.0,40000.0,40000.0,40000.0
672,2024-11-02,40000.0,40000.0,40000.0,40000.0,40000.0
673,2024-11-03,40000.0,40000.0,40000.0,40000.0,40000.0
674,2024-11-04,35000.0,40000.0,40000.0,40000.0,39285.71428571428
675,2024-11-05,35000.0,35000.0,40000.0,40000.0,38571.42857142857
676,2024-11-06,35000.0,35000.0,40000.0,40000.0,37857.142857142855
677,2024-11-07,35000.0,35000.0,35000.0,40000.0,37142.857142857145
678,2024-11-08,35000.0,35000.0,35000.0,40000.0,36428.57142857143
679,2024-11-09,35000.0,35000.0,35000.0,40000.0,35714.28571428572
680,2024-11-10,35000.0,35000.0,35000.0,40000.0,35000.0
681,2024-11-11,45000.0,35000.0,35000.0,35000.0,36428.57142857143
682,2024-11-12,45000.0,45000.0,35000.0,35000.0,37857.142857142855
683,2024-11-13,45000.0,45000.0,35000.0,35000.0,39285.71428571428
684,2024-11-14,45000.0,45000.0,45000.0,35000.0,40714.28571428572
685,2024-11-15,45000.0,45000.0,45000.0,35000.0,42142.857142857145
686,2024-11-16,45000.0,45000.0,45000.0,35000.0,43571.42857142857
687,2024-11-17,45000.0,45000.0,45000.0,35000.0,45000.0
688,2024-11-18,35000.0,45000.0,45000.0,45000.0,43571.42857142857
689,2024-11-19,35000.0,35000.0,45000.0,45000.0,42142.857142857145
690,2024-11-20,35000.0,35000.0,45000.0,45000.0,40714.28571428572
691,2024-11-21,35000.0,35000.0,35000.0,45000.0,39285.71428571428
692,2024-11-22,35000.0,35000.0,35000.0,45000.0,37857.142857142855
693,2024-11-23,35000.0,35000.0,35000.0,45000.0,36428.57142857143
694,2024-11-24,35000.0,35000.0,35000.0,45000.0,35000.0
695,2024-11-25,35000.0,35000.0,35000.0,35000.0,35000.0
696,2024-11-26,35000.0,35000.0,35000.0,35000.0,35000.0
697,2024-11-27,35000.0,35000.0,35000.0,35000.0,35000.0
698,2024-11-28,30000.0,35000.0,35000.0,35000.0,34285.71428571428
699,2024-11-29,30000.0,30000.0,35000.0,35000.0,33571.42857142857
700,2024-11-30,30000.0,30000.0,35000.0,35000.0,32857.142857142855
701,2024-12-01,30000.0,30000.0,30000.0,35000.0,32142.85714285714
702,2024-12-02,30000.0,30000.0,30000.0,35000.0,31428.571428571428
703,2024-12-03,30000.0,30000.0,30000.0,35000.0,30714.285714285714
704,2024-12-04,35000.0,30000.0,30000.0,35000.0,30714.285714285714
705,2024-12-05,35000.0,35000.0,30000.0,30000.0,31428.571428571428
706,2024-12-06,35000.0,35000.0,30000.0,30000.0,32142.85714285714
707,2024-12-07,35000.0,35000.0,35000.0,30000.0,32857.142857142855
708,2024-12-08,35000.0,35000.0,35000.0,30000.0,33571.42857142857
709,2024-12-09,40000.0,35000.0,35000.0,30000.0,35000.0
710,2024-12-10,40000.0,40000.0,35000.0,30000.0,36428.57142857143
711,2024-12-11,45000.0,40000.0,35000.0,35000.0,37857.142857142855
712,2024-12-12,45000.0,45000.0,40000.0,35000.0,39285.71428571428
713,2024-12-13,35000.0,45000.0,40000.0,35000.0,39285.71428571428
714,2024-12-14,35000.0,35000.0,45000.0,35000.0,39285.71428571428
715,2024-12-15,35000.0,35000.0,45000.0,35000.0,39285.71428571428
716,2024-12-16,50000.0,35000.0,35000.0,40000.0,40714.28571428572
717,2024-12-17,40000.0,50000.0,35000.0,40000.0,40714.28571428572
718,2024-12-18,43333.0,40000.0,35000.0,45000.0,40476.142857142855
719,2024-12-19,43333.0,43333.0,50000.0,45000.0,40238.0
720,2024-12-20,43333.0,43333.0,40000.0,35000.0,41428.42857142857
721,2024-12-21,43333.0,43333.0,43333.0,35000.0,42618.857142857145
722,2024-12-22,43333.0,43333.0,43333.0,35000.0,43809.28571428572
723,2024-12-23,66667.0,43333.0,43333.0,50000.0,46190.28571428572
724,2024-12-24,60000.0,66667.0,43333.0,40000.0,49047.42857142857
725,2024-12-25,60000.0,60000.0,43333.0,43333.0,51428.42857142857
726,2024-12-26,60000.0,60000.0,66667.0,43333.0,53809.42857142857
727,2024-12-27,60000.0,60000.0,60000.0,43333.0,56190.42857142857
728,2024-12-28,60000.0,60000.0,60000.0,43333.0,58571.42857142857
729,2024-12-29,60000.0,60000.0,60000.0,43333.0,60952.42857142857
732,2025-01-01,50000.0,60000.0,60000.0,66667.0,58571.42857142857
733,2025-01-02,50000.0,50000.0,60000.0,60000.0,57142.857142857145
734,2025-01-03,50000.0,50000.0,60000.0,60000.0,55714.28571428572
735,2025-01-04,50000.0,50000.0,50000.0,60000.0,54285.71428571428
736,2025-01-05,50000.0,50000.0,50000.0,60000.0,52857.142857142855
737,2025-01-06,100000.0,50000.0,50000.0,60000.0,58571.42857142857
738,2025-01-07,110000.0,100000.0,50000.0,60000.0,65714.28571428571
739,2025-01-08,110000.0,110000.0,50000.0,50000.0,74285.71428571429
740,2025-01-09,110000.0,110000.0,100000.0,50000.0,82857.14285714286
741,2025-01-10,110000.0,110000.0,110000.0,50000.0,91428.57142857143
742,2025-01-11,110000.0,110000.0,110000.0,50000.0,100000.0
743,2025-01-12,110000.0,110000.0,110000.0,50000.0,108571.42857142857
744,2025-01-13,100000.0,110000.0,110000.0,100000.0,108571.42857142857
745,2025-01-14,100000.0,100000.0,110000.0,110000.0,107142.85714285714
746,2025-01-15,100000.0,100000.0,110000.0,110000.0,105714.28571428571
747,2025-01-16,100000.0,100000.0,100000.0,110000.0,104285.71428571429
748,2025-01-17,100000.0,100000.0,100000.0,110000.0,102857.14285714286
749,2025-01-18,100000.0,100000.0,100000.0,110000.0,101428.57142857143
750,2025-01-19,100000.0,100000.0,100000.0,110000.0,100000.0
751,2025-01-20,60000.0,100000.0,100000.0,100000.0,94285.71428571429
752,2025-01-21,60000.0,60000.0,100000.0,100000.0,88571.42857142857
753,2025-01-22,60000.0,60000.0,100000.0,100000.0,82857.14285714286
754,2025-01-23,60000.0,60000.0,60000.0,100000.0,77142.85714285714
755,2025-01-24,70000.0,60000.0,60000.0,100000.0,72857.14285714286
756,2025-01-25,70000.0,70000.0,60000.0,100000.0,68571.42857142857
757,2025-01-26,70000.0,70000.0,60000.0,100000.0,64285.71428571428
758,2025-01-27,70000.0,70000.0,70000.0,60000.0,65714.28571428571
759,2025-01-28,70000.0,70000.0,70000.0,60000.0,67142.85714285714
760,2025-01-29,70000.0,70000.0,70000.0,60000.0,68571.42857142857
761,2025-01-30,80000.0,70000.0,70000.0,60000.0,71428.57142857143
762,2025-01-31,80000.0,80000.0,70000.0,70000.0,72857.14285714286
763,2025-02-01,80000.0,80000.0,70000.0,70000.0,74285.71428571429
764,2025-02-02,80000.0,80000.0,80000.0,70000.0,75714.28571428571
765,2025-02-03,70000.0,80000.0,80000.0,70000.0,75714.28571428571
766,2025-02-04,70000.0,70000.0,80000.0,70000.0,75714.28571428571
767,2025-02-05,70000.0,70000.0,80000.0,70000.0,75714.28571428571
768,2025-02-06,70000.0,70000.0,70000.0,80000.0,74285.71428571429
769,2025-02-07,70000.0,70000.0,70000.0,80000.0,72857.14285714286
770,2025-02-08,70000.0,70000.0,70000.0,80000.0,71428.57142857143
771,2025-02-09,70000.0,70000.0,70000.0,80000.0,70000.0
772,2025-02-10,60000.0,70000.0,70000.0,70000.0,68571.42857142857
773,2025-02-11,60000.0,60000.0,70000.0,70000.0,67142.85714285714
774,2025-02-12,60000.0,60000.0,70000.0,70000.0,65714.28571428571
775,2025-02-13,60000.0,60000.0,60000.0,70000.0,64285.71428571428
776,2025-02-14,70000.0,60000.0,60000.0,70000.0,64285.71428571428
777,2025-02-15,70000.0,70000.0,60000.0,70000.0,64285.71428571428
778,2025-02-16,70000.0,70000.0,60000.0,70000.0,64285.71428571428
779,2025-02-17,60000.0,70000.0,70000.0,60000.0,64285.71428571428
780,2025-02-18,60000.0,60000.0,70000.0,60000.0,64285.71428571428
781,2025-02-19,60000.0,60000.0,70000.0,60000.0,64285.71428571428
782,2025-02-20,60000.0,60000.0,60000.0,60000.0,64285.71428571428
783,2025-02-21,60000.0,60000.0,60000.0,70000.0,62857.142857142855
784,2025-02-22,60000.0,60000.0,60000.0,70000.0,61428.57142857143
785,2025-02-23,60000.0,60000.0,60000.0,70000.0,60000.0
786,2025-02-24,90000.0,60000.0,60000.0,60000.0,64285.71428571428
787,2025-02-25,90000.0,90000.0,60000.0,60000.0,68571.42857142857
788,2025-02-26,100000.0,90000.0,60000.0,60000.0,74285.71428571429
789,2025-02-27,100000.0,100000.0,90000.0,60000.0,80000.0
790,2025-02-28,100000.0,100000.0,90000.0,60000.0,85714.28571428571
791,2025-03-01,100000.0,100000.0,100000.0,60000.0,91428.57142857143
792,2025-03-02,100000.0,100000.0,100000.0,60000.0,97142.85714285714
793,2025-03-03,120000.0,100000.0,100000.0,90000.0,101428.57142857143
794,2025-03-04,120000.0,120000.0,100000.0,90000.0,105714.28571428571
795,2025-03-05,100000.0,120000.0,100000.0,100000.0,105714.28571428571
796,2025-03-06,100000.0,100000.0,120000.0,100000.0,105714.28571428571
797,2025-03-07,80000.0,100000.0,120000.0,100000.0,102857.14285714286
798,2025-03-08,80000.0,80000.0,100000.0,100000.0,100000.0
799,2025-03-09,80000.0,80000.0,100000.0,100000.0,97142.85714285714
800,2025-03-10,80000.0,80000.0,80000.0,120000.0,91428.57142857143
801,2025-03-11,80000.0,80000.0,80000.0,120000.0,85714.28571428571
802,2025-03-12,80000.0,80000.0,80000.0,100000.0,82857.14285714286
803,2025-03-13,80000.0,80000.0,80000.0,100000.0,80000.0
804,2025-03-14,90000.0,80000.0,80000.0,80000.0,81428.57142857143
805,2025-03-15,90000.0,90000.0,80000.0,80000.0,82857.14285714286
806,2025-03-16,90000.0,90000.0,80000.0,80000.0,84285.71428571429
807,2025-03-17,80000.0,90000.0,90000.0,80000.0,84285.71428571429
808,2025-03-18,100000.0,80000.0,90000.0,80000.0,87142.85714285714
809,2025-03-19,100000.0,100000.0,90000.0,80000.0,90000.0
810,2025-03-20,100000.0,100000.0,80000.0,80000.0,92857.14285714286
811,2025-03-21,100000.0,100000.0,100000.0,90000.0,94285.71428571429
812,2025-03-22,100000.0,100000.0,100000.0,90000.0,95714.28571428571
813,2025-03-23,100000.0,100000.0,100000.0,90000.0,97142.85714285714
814,2025-03-24,90000.0,100000.0,100000.0,80000.0,98571.42857142857
815,2025-03-25,90000.0,90000.0,100000.0,100000.0,97142.85714285714
816,2025-03-26,90000.0,90000.0,100000.0,100000.0,95714.28571428571
817,2025-03-27,100000.0,90000.0,90000.0,100000.0,95714.28571428571
818,2025-03-28,100000.0,100000.0,90000.0,100000.0,95714.28571428571
819,2025-03-29,100000.0,100000.0,90000.0,100000.0,95714.28571428571
820,2025-03-30,100000.0,100000.0,100000.0,100000.0,95714.28571428571
821,2025-03-31,100000.0,100000.0,100000.0,90000.0,97142.85714285714
822,2025-04-01,100000.0,100000.0,100000.0,90000.0,98571.42857142857
823,2025-04-02,100000.0,100000.0,100000.0,90000.0,100000.0
824,2025-04-03,100000.0,100000.0,100000.0,100000.0,100000.0
825,2025-04-04,100000.0,100000.0,100000.0,100000.0,100000.0
826,2025-04-05,100000.0,100000.0,100000.0,100000.0,100000.0
827,2025-04-06,100000.0,100000.0,100000.0,100000.0,100000.0
828,2025-04-07,100000.0,100000.0,100000.0,100000.0,100000.0
829,2025-04-08,100000.0,100000.0,100000.0,100000.0,100000.0
830,2025-04-09,90000.0,100000.0,100000.0,100000.0,98571.42857142857
831,2025-04-10,90000.0,90000.0,100000.0,100000.0,97142.85714285714
832,2025-04-11,90000.0,90000.0,100000.0,100000.0,95714.28571428571
833,2025-04-12,90000.0,90000.0,90000.0,100000.0,94285.71428571429
834,2025-04-13,90000.0,90000.0,90000.0,100000.0,92857.14285714286
835,2025-04-14,90000.0,90000.0,90000.0,100000.0,91428.57142857143
836,2025-04-15,75000.0,90000.0,90000.0,100000.0,87857.14285714286
837,2025-04-16,75000.0,75000.0,90000.0,90000.0,85714.28571428571
838,2025-04-17,85000.0,75000.0,90000.0,90000.0,85000.0
839,2025-04-18,85000.0,85000.0,75000.0,90000.0,84285.71428571429
840,2025-04-19,85000.0,85000.0,75000.0,90000.0,83571.42857142857
841,2025-04-20,85000.0,85000.0,85000.0,90000.0,82857.14285714286
842,2025-04-21,60000.0,85000.0,85000.0,90000.0,78571.42857142857
843,2025-04-22,60000.0,60000.0,85000.0,75000.0,76428.57142857143
844,2025-04-23,50000.0,60000.0,85000.0,75000.0,72857.14285714286
845,2025-04-24,50000.0,50000.0,60000.0,85000.0,67857.14285714286
846,2025-04-25,45000.0,50000.0,60000.0,85000.0,62142.857142857145
847,2025-04-26,45000.0,45000.0,50000.0,85000.0,56428.57142857143
848,2025-04-27,45000.0,45000.0,50000.0,85000.0,50714.28571428572
849,2025-04-28,40000.0,45000.0,45000.0,60000.0,47857.142857142855
850,2025-04-29,40000.0,40000.0,45000.0,60000.0,45000.0
851,2025-04-30,40000.0,40000.0,45000.0,50000.0,43571.42857142857
852,2025-05-01,40000.0,40000.0,40000.0,50000.0,42142.857142857145
853,2025-05-02,40000.0,40000.0,40000.0,45000.0,41428.57142857143
854,2025-05-03,40000.0,40000.0,40000.0,45000.0,40714.28571428572
855,2025-05-04,40000.0,40000.0,40000.0,45000.0,40000.0
856,2025-05-05,40000.0,40000.0,40000.0,40000.0,40000.0
857,2025-05-06,40000.0,40000.0,40000.0,40000.0,40000.0
858,2025-05-07,40000.0,40000.0,40000.0,40000.0,40000.0
859,2025-05-08,40000.0,40000.0,40000.0,40000.0,40000.0
860,2025-05-09,40000.0,40000.0,40000.0,40000.0,40000.0
861,2025-05-10,40000.0,40000.0,40000.0,40000.0,40000.0
862,2025-05-11,40000.0,40000.0,40000.0,40000.0,40000.0
863,2025-05-12,40000.0,40000.0,40000.0,40000.0,40000.0
864,2025-05-13,41000.0,40000.0,40000.0,40000.0,40142.857142857145
865,2025-05-14,30000.0,41000.0,40000.0,40000.0,38714.28571428572
866,2025-05-15,30000.0,30000.0,40000.0,40000.0,37285.71428571428
867,2025-05-16,30000.0,30000.0,41000.0,40000.0,35857.142857142855
868,2025-05-17,30000.0,30000.0,30000.0,40000.0,34428.57142857143
869,2025-05-18,30000.0,30000.0,30000.0,40000.0,33000.0
870,2025-05-19,30000.0,30000.0,30000.0,40000.0,31571.428571428572
871,2025-05-20,30000.0,30000.0,30000.0,41000.0,30000.0
872,2025-05-21,30000.0,30000.0,30000.0,30000.0,30000.0
873,2025-05-22,30000.0,30000.0,30000.0,30000.0,30000.0
874,2025-05-23,30000.0,30000.0,30000.0,30000.0,30000.0
875,2025-05-24,30000.0,30000.0,30000.0,30000.0,30000.0
876,2025-05-25,30000.0,30000.0,30000.0,30000.0,30000.0
877,2025-05-26,30000.0,30000.0,30000.0,30000.0,30000.0
878,2025-05-27,30000.0,30000.0,30000.0,30000.0,30000.0
879,2025-05-28,35000.0,30000.0,30000.0,30000.0,30714.285714285714
880,2025-05-29,35000.0,35000.0,30000.0,30000.0,31428.571428571428
881,2025-05-30,35000.0,35000.0,30000.0,30000.0,32142.85714285714
882,2025-05-31,35000.0,35000.0,35000.0,30000.0,32857.142857142855
883,2025-06-01,35000.0,35000.0,35000.0,30000.0,33571.42857142857
884,2025-06-02,38000.0,35000.0,35000.0,30000.0,34714.28571428572
885,2025-06-03,40000.0,38000.0,35000.0,30000.0,36142.857142857145
886,2025-06-04,38000.0,40000.0,35000.0,35000.0,36571.42857142857
887,2025-06-05,38000.0,38000.0,38000.0,35000.0,37000.0
888,2025-06-06,38000.0,38000.0,40000.0,35000.0,37428.57142857143
889,2025-06-07,38000.0,38000.0,38000.0,35000.0,37857.142857142855
890,2025-06-08,38000.0,38000.0,38000.0,35000.0,38285.71428571428
891,2025-06-09,38000.0,38000.0,38000.0,38000.0,38285.71428571428
892,2025-06-10,38000.0,38000.0,38000.0,40000.0,38000.0
893,2025-06-11,40000.0,38000.0,38000.0,38000.0,38285.71428571428
894,2025-06-12,40000.0,40000.0,38000.0,38000.0,38571.42857142857
895,2025-06-13,40000.0,40000.0,38000.0,38000.0,38857.142857142855
896,2025-06-14,40000.0,40000.0,40000.0,38000.0,39142.857142857145
897,2025-06-15,40000.0,40000.0,40000.0,38000.0,39428.57142857143
898,2025-06-16,50000.0,40000.0,40000.0,38000.0,41142.857142857145
899,2025-06-17,50000.0,50000.0,40000.0,38000.0,42857.142857142855
900,2025-06-18,50000.0,50000.0,40000.0,40000.0,44285.71428571428
901,2025-06-19,50000.0,50000.0,50000.0,40000.0,45714.28571428572
902,2025-06-20,60000.0,50000.0,50000.0,40000.0,48571.42857142857
903,2025-06-21,60000.0,60000.0,50000.0,40000.0,51428.57142857143
904,2025-06-22,60000.0,60000.0,50000.0,40000.0,54285.71428571428
905,2025-06-23,60000.0,60000.0,60000.0,50000.0,55714.28571428572
906,2025-06-24,60000.0,60000.0,60000.0,50000.0,57142.857142857145
907,2025-06-25,55000.0,60000.0,60000.0,50000.0,57857.142857142855
908,2025-06-26,55000.0,55000.0,60000.0,50000.0,58571.42857142857
909,2025-06-27,55000.0,55000.0,60000.0,60000.0,57857.142857142855
910,2025-06-28,55000.0,55000.0,55000.0,60000.0,57142.857142857145
911,2025-06-29,55000.0,55000.0,55000.0,60000.0,56428.57142857143
912,2025-06-30,60000.0,55000.0,55000.0,60000.0,56428.57142857143
913,2025-07-01,60000.0,60000.0,55000.0,60000.0,56428.57142857143
914,2025-07-02,60000.0,60000.0,55000.0,55000.0,57142.857142857145
915,2025-07-03,60000.0,60000.0,60000.0,55000.0,57857.142857142855
916,2025-07-04,65000.0,60000.0,60000.0,55000.0,59285.71428571428
917,2025-07-05,65000.0,65000.0,60000.0,55000.0,60714.28571428572
918,2025-07-06,65000.0,65000.0,60000.0,55000.0,62142.857142857145
919,2025-07-07,65000.0,65000.0,65000.0,60000.0,62857.142857142855
920,2025-07-08,65000.0,65000.0,65000.0,60000.0,63571.42857142857
921,2025-07-09,65000.0,65000.0,65000.0,60000.0,64285.71428571428
922,2025-07-10,65000.0,65000.0,65000.0,60000.0,65000.0
923,2025-07-11,65000.0,65000.0,65000.0,65000.0,65000.0
924,2025-07-12,65000.0,65000.0,65000.0,65000.0,65000.0
925,2025-07-13,65000.0,65000.0,65000.0,65000.0,65000.0
926,2025-07-14,65000.0,65000.0,65000.0,65000.0,65000.0
927,2025-07-15,65000.0,65000.0,65000.0,65000.0,65000.0
928,2025-07-16,65000.0,65000.0,65000.0,65000.0,65000.0
929,2025-07-17,65000.0,65000.0,65000.0,65000.0,65000.0
930,2025-07-18,45000.0,65000.0,65000.0,65000.0,62142.857142857145
931,2025-07-19,45000.0,45000.0,65000.0,65000.0,59285.71428571428
932,2025-07-20,65000.0,45000.0,65000.0,65000.0,59285.71428571428
933,2025-07-21,40000.0,65000.0,45000.0,65000.0,55714.28571428572
934,2025-07-22,40000.0,40000.0,45000.0,65000.0,52142.857142857145
935,2025-07-23,45000.0,40000.0,65000.0,65000.0,49285.71428571428
936,2025-07-24,45000.0,45000.0,40000.0,65000.0,46428.57142857143
937,2025-07-25,45000.0,45000.0,40000.0,45000.0,46428.57142857143
938,2025-07-26,45000.0,45000.0,45000.0,45000.0,46428.57142857143
939,2025-07-27,45000.0,45000.0,45000.0,65000.0,43571.42857142857
940,2025-07-28,45000.0,45000.0,45000.0,40000.0,44285.71428571428
941,2025-07-29,45000.0,45000.0,45000.0,40000.0,45000.0
942,2025-07-30,45000.0,45000.0,45000.0,45000.0,45000.0
943,2025-07-31,45000.0,45000.0,45000.0,45000.0,45000.0
944,2025-08-01,48020.0,45000.0,45000.0,45000.0,45431.42857142857
945,2025-08-02,47435.0,48020.0,45000.0,45000.0,45779.28571428572
946,2025-08-03,46789.0,47435.0,45000.0,45000.0,46034.857142857145
947,2025-08-04,44253.0,46789.0,48020.0,45000.0,45928.142857142855
948,2025-08-05,43996.0,44253.0,47435.0,45000.0,45784.71428571428
949,2025-08-06,43858.0,43996.0,46789.0,45000.0,45621.57142857143
950,2025-08-07,43398.0,43858.0,44253.0,45000.0,45392.71428571428
951,2025-08-08,43292.0,43398.0,43996.0,48020.0,44717.28571428572
952,2025-08-09,43370.0,43292.0,43858.0,47435.0,44136.57142857143
953,2025-08-10,43024.0,43370.0,43398.0,46789.0,43598.71428571428
954,2025-08-11,42490.0,43024.0,43292.0,44253.0,43346.857142857145
955,2025-08-12,42313.0,42490.0,43370.0,43996.0,43106.42857142857
956,2025-08-13,42073.0,42313.0,43024.0,43858.0,42851.42857142857
957,2025-08-14,40561.0,42073.0,42490.0,43398.0,42446.142857142855
958,2025-08-15,40481.0,40561.0,42313.0,43292.0,42044.57142857143
959,2025-08-16,40437.0,40481.0,42073.0,43370.0,41625.57142857143
960,2025-08-17,40437.0,40437.0,40561.0,43024.0,41256.0
961,2025-08-18,39897.0,40437.0,40481.0,42490.0,40885.57142857143
962,2025-08-19,41004.0,39897.0,40437.0,42313.0,40698.57142857143
963,2025-08-20,40402.0,41004.0,40437.0,42073.0,40459.857142857145
964,2025-08-21,40744.0,40402.0,39897.0,40561.0,40486.0
965,2025-08-22,40781.0,40744.0,41004.0,40481.0,40528.857142857145
966,2025-08-23,40500.0,40781.0,40402.0,40437.0,40537.857142857145
967,2025-08-24,40574.0,40500.0,40744.0,40437.0,40557.42857142857
968,2025-08-25,39510.0,40574.0,40781.0,39897.0,40502.142857142855
969,2025-08-26,39263.0,39510.0,40500.0,41004.0,40253.42857142857
970,2025-08-27,39154.0,39263.0,40574.0,40402.0,40075.142857142855
971,2025-08-28,39200.0,39154.0,39510.0,40744.0,39854.57142857143
972,2025-08-29,39290.0,39200.0,39263.0,40781.0,39641.57142857143
973,2025-08-30,39220.0,39290.0,39154.0,40500.0,39458.71428571428
974,2025-08-31,39561.0,39220.0,39200.0,40574.0,39314.0
975,2025-09-01,37924.0,39561.0,39290.0,39510.0,39087.42857142857
976,2025-09-02,37224.0,37924.0,39220.0,39263.0,38796.142857142855
977,2025-09-03,36581.0,37224.0,39561.0,39154.0,38428.57142857143
978,2025-09-04,37090.0,36581.0,37924.0,39200.0,38127.142857142855
979,2025-09-05,37448.0,37090.0,37224.0,39290.0,37864.0
980,2025-09-06,37663.0,37448.0,36581.0,39220.0,37641.57142857143
981,2025-09-07,37587.0,37663.0,37090.0,39561.0,37359.57142857143
982,2025-09-08,39690.0,37587.0,37448.0,37924.0,37611.857142857145
983,2025-09-09,40105.0,39690.0,37663.0,37224.0,38023.42857142857
984,2025-09-10,40481.0,40105.0,37587.0,36581.0,38580.57142857143
985,2025-09-11,40581.0,40481.0,39690.0,37090.0,39079.28571428572
986,2025-09-12,40862.0,40581.0,40105.0,37448.0,39567.0
987,2025-09-13,41040.0,40862.0,40481.0,37663.0,40049.42857142857
988,2025-09-14,41280.0,41040.0,40581.0,37587.0,40577.0
989,2025-09-15,41113.0,41280.0,40862.0,39690.0,40780.28571428572
990,2025-09-16,40721.0,41113.0,41040.0,40105.0,40868.28571428572
991,2025-09-17,40885.0,40721.0,41280.0,40481.0,40926.0
992,2025-09-18,42177.0,40885.0,41113.0,40581.0,41154.0
993,2025-09-19,42649.0,42177.0,40721.0,40862.0,41409.28571428572
994,2025-09-20,43597.0,42649.0,40885.0,41040.0,41774.57142857143
995,2025-09-21,43962.0,43597.0,42177.0,41280.0,42157.71428571428
996,2025-09-22,43350.0,43962.0,42649.0,41113.0,42477.28571428572
997,2025-09-23,44191.0,43350.0,43597.0,40721.0,42973.0
998,2025-09-24,43799.0,44191.0,43962.0,40885.0,43389.28571428572
999,2025-09-25,43850.0,43799.0,43350.0,42177.0,43628.28571428572
1000,2025-09-26,43723.0,43850.0,44191.0,42649.0,43781.71428571428
1001,2025-09-27,42194.0,43723.0,43799.0,43597.0,43581.28571428572
1002,2025-09-28,43058.0,42194.0,43850.0,43962.0,43452.142857142855
1003,2025-09-29,42533.0,43058.0,43723.0,43350.0,43335.42857142857
1004,2025-09-30,42685.0,42533.0,42194.0,44191.0,43120.28571428572
1005,2025-10-01,42594.0,42685.0,43058.0,43799.0,42948.142857142855
1006,2025-10-02,41714.0,42594.0,42533.0,43850.0,42643.0
1007,2025-10-03,41540.0,41714.0,42685.0,43723.0,42331.142857142855
1008,2025-10-04,40970.0,41540.0,42594.0,42194.0,42156.28571428572
1009,2025-10-05,40474.0,40970.0,41714.0,43058.0,41787.142857142855
1010,2025-10-06,42188.0,40474.0,41540.0,42533.0,41737.857142857145
1011,2025-10-07,42608.0,42188.0,40970.0,42685.0,41726.857142857145
1012,2025-10-08,41173.0,42608.0,40474.0,42594.0,41523.857142857145
1013,2025-10-09,42051.0,41173.0,42188.0,41714.0,41572.0
1014,2025-10-10,42525.0,42051.0,42608.0,41540.0,41712.71428571428
1015,2025-10-11,42321.0,42525.0,41173.0,40970.0,41905.71428571428
1016,2025-10-12,42603.0,42321.0,42051.0,40474.0,42209.857142857145
1017,2025-10-13,42104.0,42603.0,42525.0,42188.0,42197.857142857145
1018,2025-10-14,42407.0,42104.0,42321.0,42608.0,42169.142857142855
1019,2025-10-15,42191.0,42407.0,42603.0,41173.0,42314.57142857143
1020,2025-10-16,42052.0,42191.0,42104.0,42051.0,42314.71428571428
1021,2025-10-17,42004.0,42052.0,42407.0,42525.0,42240.28571428572
1022,2025-10-18,41427.0,42004.0,42191.0,42321.0,42112.57142857143
1023,2025-10-19,41145.0,41427.0,42052.0,42603.0,41904.28571428572
1024,2025-10-20,40622.0,41145.0,42004.0,42104.0,41692.57142857143
1025,2025-10-21,39446.0,40622.0,41427.0,42407.0,41269.57142857143
1026,2025-10-22,39089.0,39446.0,41145.0,42191.0,40826.42857142857
1027,2025-10-23,38842.0,39089.0,40622.0,42052.0,40367.857142857145
1028,2025-10-24,38204.0,38842.0,39446.0,42004.0,39825.0
1029,2025-10-25,37706.0,38204.0,39089.0,41427.0,39293.42857142857
1030,2025-10-26,37271.0,37706.0,38842.0,41145.0,38740.0
1031,2025-10-27,37097.0,37271.0,38204.0,40622.0,38236.42857142857
1032,2025-10-28,35945.0,37097.0,37706.0,39446.0,37736.28571428572
1033,2025-10-29,37016.0,35945.0,37271.0,39089.0,37440.142857142855
1034,2025-10-30,36910.0,37016.0,37097.0,38842.0,37164.142857142855
1035,2025-10-31,37017.0,36910.0,35945.0,38204.0,36994.57142857143
1036,2025-11-01,36872.0,37017.0,37016.0,37706.0,36875.42857142857
1037,2025-11-02,36583.0,36872.0,36910.0,37271.0,36777.142857142855
1038,2025-11-03,36569.0,36583.0,37017.0,37097.0,36701.71428571428
1039,2025-11-04,36569.0,36569.0,36872.0,35945.0,36790.857142857145
1040,2025-11-05,36156.0,36569.0,36583.0,37016.0,36668.0
1041,2025-11-06,36142.0,36156.0,36569.0,36910.0,36558.28571428572
1042,2025-11-07,35724.0,36142.0,36569.0,37017.0,36373.57142857143
1043,2025-11-08,36362.0,35724.0,36156.0,36872.0,36300.71428571428
1044,2025-11-09,36261.0,36362.0,36142.0,36583.0,36254.71428571428
1045,2025-11-10,36602.0,36261.0,35724.0,36569.0,36259.42857142857
1046,2025-11-11,36876.0,36602.0,36362.0,36569.0,36303.28571428572
1047,2025-11-12,36611.0,36876.0,36261.0,36156.0,36368.28571428572
1048,2025-11-13,36480.0,36611.0,36602.0,36142.0,36416.57142857143
1049,2025-11-14,36680.0,36480.0,36876.0,35724.0,36553.142857142855
1050,2025-11-15,37196.0,36680.0,36611.0,36362.0,36672.28571428572
1051,2025-11-16,37253.0,37196.0,36480.0,36261.0,36814.0
1052,2025-11-17,38719.0,37253.0,36680.0,36602.0,37116.42857142857
1053,2025-11-18,41512.0,38719.0,37196.0,36876.0,37778.71428571428
1054,2025-11-19,43293.0,41512.0,37253.0,36611.0,38733.28571428572
1055,2025-11-20,44202.0,43293.0,38719.0,36480.0,39836.42857142857
1056,2025-11-21,44797.0,44202.0,41512.0,36680.0,40996.0
1057,2025-11-22,44726.0,44797.0,43293.0,37196.0,42071.71428571428
1058,2025-11-23,45165.0,44726.0,44202.0,37253.0,43202.0
1059,2025-11-24,46565.0,45165.0,44797.0,38719.0,44322.857142857145
1060,2025-11-25,47195.0,46565.0,44726.0,41512.0,45134.71428571428
1061,2025-11-26,47784.0,47195.0,45165.0,43293.0,45776.28571428572
1062,2025-11-27,48599.0,47784.0,46565.0,44202.0,46404.42857142857
1063,2025-11-28,49294.0,48599.0,47195.0,44797.0,47046.857142857145
1064,2025-11-29,49715.0,49294.0,47784.0,44726.0,47759.57142857143
1065,2025-11-30,50977.0,49715.0,48599.0,45165.0,48589.857142857145
1066,2025-12-01,57305.0,50977.0,49294.0,46565.0,50124.142857142855
1067,2025-12-02,60614.0,57305.0,49715.0,47195.0,52041.142857142855
1068,2025-12-03,62149.0,60614.0,50977.0,47784.0,54093.28571428572
1069,2025-12-04,67819.0,62149.0,57305.0,48599.0,56839.0
1070,2025-12-05,69982.0,67819.0,60614.0,49294.0,59794.42857142857
1071,2025-12-06,70419.0,69982.0,62149.0,49715.0,62752.142857142855
1072,2025-12-07,70577.0,70419.0,67819.0,50977.0,65552.14285714286
1073,2025-12-08,76096.0,70577.0,69982.0,57305.0,68236.57142857143
1074,2025-12-09,79134.0,76096.0,70419.0,60614.0,70882.28571428571
1075,2025-12-10,79128.0,79134.0,70577.0,62149.0,73307.85714285714
1076,2025-12-11,80677.0,79128.0,76096.0,67819.0,75144.71428571429
1077,2025-12-12,79135.0,80677.0,79134.0,69982.0,76452.28571428571
1078,2025-12-13,80734.0,79135.0,79128.0,70419.0,77925.85714285714
1079,2025-12-14,79818.0,80734.0,80677.0,70577.0,79246.0
1080,2025-12-15,80018.0,79818.0,79135.0,76096.0,79806.28571428571
1081,2025-12-16,81318.0,80018.0,80734.0,79134.0,80118.28571428571
1082,2025-12-17,79549.0,81318.0,79818.0,79128.0,80178.42857142857
1083,2025-12-18,75852.0,79549.0,80018.0,80677.0,79489.14285714286
1084,2025-12-19,73774.0,75852.0,81318.0,79135.0,78723.28571428571
1085,2025-12-20,73139.0,73774.0,79549.0,80734.0,77638.28571428571
1086,2025-12-21,72942.0,73139.0,75852.0,79818.0,76656.0
1087,2025-12-22,73733.0,72942.0,73774.0,80018.0,75758.14285714286
1088,2025-12-23,72884.0,73733.0,73139.0,81318.0,74553.28571428571
1089,2025-12-24,72350.0,72884.0,72942.0,79549.0,73524.85714285714
1090,2025-12-25,72799.0,72350.0,73733.0,75852.0,73088.71428571429
1091,2025-12-26,73081.0,72799.0,72884.0,73774.0,72989.71428571429
1092,2025-12-27,72811.0,73081.0,72350.0,73139.0,72942.85714285714
1093,2025-12-28,73218.0,72811.0,72799.0,72942.0,72982.28571428571
1094,2025-12-29,73692.0,73218.0,73081.0,73733.0,72976.42857142857
1095,2025-12-30,70399.0,73692.0,72811.0,72884.0,72621.42857142857
1096,2025-12-31,67000.0,70399.0,73218.0,72350.0,71857.14285714286
